Zip Code,cnt_comm_health_ctr
60623,21
60608,15
60622,13
60609,12
60647,10
60651,8
60615,7
60624,7
60616,7
60629,6
60617,6
60659,6
60632,6
60612,6
60653,6
60626,6
60628,6
60638,5
60639,5
60621,5
60644,5
60613,5
60607,5
60640,5
60660,4
60637,4
60625,4
60645,3
60610,3
60604,2
60649,2
60657,2
60620,2
60619,2
60634,2
60636,1
60827,1
60302,1
60618,1
60611,1
60661,1
60654,1
60633,1
